pheno_rank,gene,rsid,variant,genotype,zygosity,consequence,protein,gnomad_af,clinvar,clinvar_stars,condition,pLI,LOEUF,sift,polyphen,classification,variant_score_norm,pheno_score,pheno_direct,pheno_matched,pheno_disease,pheno_shared_terms,combined_score,qc_filter,DP,GQ,acmg_tags
1,CFTR,rs113993960,7:117559591 TCTT>T,0/1,het,inframe_insertion,IF/I,,Pathogenic,4,Cystic fibrosis,3.766213879420496e-65,1.193105532032236,,,Likely pathogenic,0.892,0.686,4,6,cystic fibrosis,Failure to thrive; Ileus; Meconium ileus; Exocrine pancreatic insufficiency; Elevated sweat chloride,0.799,PASS,50,99,"PM2, PS_ClinVar"
2,BRCA1,rs80357906,17:43057063 GGG>GGGG,0/1,het,frameshift_variant,"Q1756fs, Q1777fs, Q652fs, Q1709fs",,Pathogenic,3,"Breast-ovarian cancer, familial, susceptibility to, 1",5.517117679826164e-38,0.927589724465447,,,Likely pathogenic,1.0,0.143,1,1,"Fanconi anemia, complementation group S",Failure to thrive,0.614,PASS,50,99,"PM2, PVS1_mod, PS_ClinVar"
3,BRCA1,rs28897696,17:43063903 G>T,0/1,het,missense_variant,"A1708E, A1661E, A1729E, A604E, A1580E, A1618E, A1619E, A1638E, A1659E, A1411E, A1539E, A1595E, A1641E, A1660E, A1666E, A1688E, A1730E, A437E, A478E, A495E, A535E, A538E, A562E, A564E, A566E, A578E, A627E, A1554E, A1579E, A1581E, A1596E, A1620E, A1636E, A1664E, A1681E, A428E, A496E, A517E, A525E, A533E, A563E, A579E, A601E, A605E, A839E, A1667E, A1704E, A1705E, A1706E, A477E, A515E, A516E, A557E, A560E, A580E, A603E, A626E, A1412E, A1597E, A1637E, A1639E, A1665E, A1680E, A1682E, A1689E, A1703E, A1707E, A1728E, A296E, A491E, A492E, A523E, A534E, A537E, A556E, A558E, A565E, A602E, A840E",4.788996800950137e-06,Pathogenic,3,"Breast-ovarian cancer, familial, susceptibility to, 1",5.517117679826164e-38,0.927589724465447,deleterious,possibly_damaging,Likely pathogenic,1.0,0.143,1,1,"Fanconi anemia, complementation group S",Failure to thrive,0.614,PASS,50,99,"PM2, PP3, PS_ClinVar"
4,MYOC,rs74315329,1:171636338 G>A,0/1,het,stop_gained,Q368*,0.0011909631820675559,Pathogenic,3,Open-angle glaucoma,8.966609419677189e-11,1.4022849000054072,,,Likely pathogenic,0.892,0.0,0,0,,,0.491,PASS,50,99,"PVS1_mod, PS_ClinVar"
5,HBB,rs334,11:5227002 T>A,0/1,het,missense_variant,E7V,0.012718820176763365,Pathogenic,2,"Malaria, susceptibility to; Hb SS disease",1.8079594771996454e-09,2.7568015530888315,deleterious_low_confidence,,Likely pathogenic,0.703,0.0,0,0,,,0.387,PASS,50,99,"BS1, PS_ClinVar"
6,MTHFR,rs1801133,1:11796321 G>A,0/1,het,missense_variant,"A222V, A263V",0.3226922650671315,drug response,3,methotrexate response - Toxicity,1.0470471211884424e-12,0.9172636726566925,deleterious,possibly_damaging,Benign / Likely benign | Pharmacogenomic (drug response),0.405,0.257,1,3,schizophrenia,Failure to thrive; Decreased body weight,0.338,PASS,50,99,"BA1, PP3"
7,MCM6,rs4988235,2:135851076 G>A,1/1,hom,intron_variant,,0.39681266518520464,association,0,LACTASE PERSISTENCE,4.38660951695157e-05,0.6236947288179308,,,Benign / Likely benign,0.297,0.057,0,1,systemic lupus erythematosus,Abnormality of the immune system,0.189,PASS,50,99,BA1
8,EGFR,rs121434568,7:55191822 T>G,0/1,het,missense_variant,"L858R, L591R, L805R, L813R",,drug response,3,gefitinib response - Efficacy,0.38906934457929465,0.504692914125459,deleterious_low_confidence,probably_damaging,Likely pathogenic | Pharmacogenomic (drug response),0.595,0.0,0,0,,,0.164,LowQual,12,33,"PM2, PP3"
9,APOE,rs7412,19:44908822 C>T,0/1,het,missense_variant,"R176C, R202C",0.07783738298096139,drug response,3,atorvastatin response - Efficacy,0.0014179720427969953,1.2948667658800423,deleterious,,Benign / Likely benign | Pharmacogenomic (drug response),0.297,0.0,0,0,,,0.163,PASS,50,99,BA1
10,TP53,rs1042522,17:7676154 G>C,1/1,hom,missense_variant,"P33H, P72H",0.7163184765845761,Benign,3,Li-Fraumeni syndrome,0.999595868281925,0.4183620979251529,tolerated,benign,Benign / Likely benign,0.0,0.0,0,0,,,0.0,PASS,50,99,"BA1, BP4, BS_ClinVar"
